<?xml version="1.0" encoding="UTF-8"?>
<rss version="2.0" xmlns:ror="http://rorweb.com/0.1/" >
<channel>
  <title>ROR Sitemap for http://ketohoy.com/</title>
  <link>http://ketohoy.com/</link>

<item>
     <link>https://ketohoy.com/</link>
     <title>ayuno intermitente dieta keto por médicos</title>
     <description>página inicio dieta keto ayuno y salud</description>
     <ror:updatePeriod></ror:updatePeriod>
     <ror:sortOrder>0</ror:sortOrder>
     <ror:resourceOf>sitemap</ror:resourceOf>
</item>
<item>
     <link>https://ketohoy.com/ladieta.html</link>
     <title>Curso gratis de ayuno y dieta keto</title>
     <description>curso gratis de ayuno intermitente y dieta keto</description>
     <ror:updatePeriod></ror:updatePeriod>
     <ror:sortOrder>1</ror:sortOrder>
     <ror:resourceOf>sitemap</ror:resourceOf>
</item>
<item>
     <link>https://ketohoy.com/blog.html</link>
     <title>ayuno intermitente dieta keto blog por médicos</title>
     <description>blog sobre keto ayuno salud por médicos</description>
     <ror:updatePeriod></ror:updatePeriod>
     <ror:sortOrder>1</ror:sortOrder>
     <ror:resourceOf>sitemap</ror:resourceOf>
</item>
<item>
     <link>https://ketohoy.com/temas/temas.html</link>
     <title>ayuno, dieta keto, sueño, nutrición y evolución, gluten, ejercicio.</title>
     <description>Temas de salud y nutrición del blog agrupados por categorías</description>
     <ror:updatePeriod></ror:updatePeriod>
     <ror:sortOrder>1</ror:sortOrder>
     <ror:resourceOf>sitemap</ror:resourceOf>
</item>
<item>
     <link>https://ketohoy.com/recetas.html</link>
     <title>galería de fotos de comidas keto o bajas en carbohidratos</title>
     <description>comidas keto galería de fotos y recetas</description>
     <ror:updatePeriod></ror:updatePeriod>
     <ror:sortOrder>1</ror:sortOrder>
     <ror:resourceOf>sitemap</ror:resourceOf>
</item>
<item>
     <link>https://ketohoy.com/articulos.html</link>
     <title>Artículos ayuno dieta keto por médicos especialistas</title>
     <description>artículos sobre nutrición y evolución, dieta cetogenica, ayuno intermitente</description>
     <ror:updatePeriod></ror:updatePeriod>
     <ror:sortOrder>1</ror:sortOrder>
     <ror:resourceOf>sitemap</ror:resourceOf>
</item>
<item>
     <link>https://ketohoy.com/pod.html</link>
     <title>podcast ayuno intermitente dieta keto y salud</title>
     <description>podcast seleccionados sobre salud</description>
     <ror:updatePeriod></ror:updatePeriod>
     <ror:sortOrder>1</ror:sortOrder>
     <ror:resourceOf>sitemap</ror:resourceOf>
</item>
<item>
     <link>https://ketohoy.com/biblio-video.html</link>
     <title>Contenidos recomendados de salud relacionados a ayuno y dieta keto</title>
     <description>recomendación libros y videos keto</description>
     <ror:updatePeriod></ror:updatePeriod>
     <ror:sortOrder>1</ror:sortOrder>
     <ror:resourceOf>sitemap</ror:resourceOf>
</item>
<item>
     <link>https://ketohoy.com/faq.html</link>
     <title>preguntas frecuentes sobre dieta keto y ayuno intermitente</title>
     <description>preguntas frecuentes ayuno y dieta keto</description>
     <ror:updatePeriod></ror:updatePeriod>
     <ror:sortOrder>1</ror:sortOrder>
     <ror:resourceOf>sitemap</ror:resourceOf>
</item>
<item>
     <link>https://ketohoy.com/ketometro.html</link>
     <title>Medidor de los resultados de la dieta keto y el ayuno intermitente IMC BMI </title>
     <description>calculo imc bmi gasto energético</description>
     <ror:updatePeriod></ror:updatePeriod>
     <ror:sortOrder>1</ror:sortOrder>
     <ror:resourceOf>sitemap</ror:resourceOf>
</item>
<item>
     <link>https://ketohoy.com/servicios.html</link>
     <title>Servicios médicos ofrecidos.</title>
     <description>servicios médicos nutrición cursos</description>
     <ror:updatePeriod></ror:updatePeriod>
     <ror:sortOrder>1</ror:sortOrder>
     <ror:resourceOf>sitemap</ror:resourceOf>
</item>
<item>
     <link>https://ketohoy.com/index.html</link>
     <title>ayuno intermitente dieta keto por médicos</title>
     <description>página inicio dieta keto ayuno y salud</description>
     <ror:updatePeriod></ror:updatePeriod>
     <ror:sortOrder>2</ror:sortOrder>
     <ror:resourceOf>sitemap</ror:resourceOf>
</item>
<item>
     <link>https://ketohoy.com/temas/enfermedades.html</link>
     <title>Enfermedades que pueden mejorar con la dieta keto.</title>
     <description>Enfermedades que pueden mejorar con la dieta keto y baja en carbohidratos</description>
     <ror:updatePeriod></ror:updatePeriod>
     <ror:sortOrder>2</ror:sortOrder>
     <ror:resourceOf>sitemap</ror:resourceOf>
</item>
<item>
     <link>https://ketohoy.com/temas/aceites.html</link>
     <title>Evitar el uso de aceites de semillas.</title>
     <description>La importancia de evitar los aceites de semillas en la dieta</description>
     <ror:updatePeriod></ror:updatePeriod>
     <ror:sortOrder>2</ror:sortOrder>
     <ror:resourceOf>sitemap</ror:resourceOf>
</item>
<item>
     <link>https://ketohoy.com/temas/ayuno.html</link>
     <title>Ayuno intermitente y como implementarlo, beneficios para la salud.</title>
     <description>Ayuno intermitente y como implementarlo, beneficios para la salud</description>
     <ror:updatePeriod></ror:updatePeriod>
     <ror:sortOrder>2</ror:sortOrder>
     <ror:resourceOf>sitemap</ror:resourceOf>
</item>
<item>
     <link>https://ketohoy.com/temas/evolucion.html</link>
     <title>Salud y nutrición en culturas ancestrales. Evolución humana. Dieta paleo.</title>
     <description>Nutrición y la evolución, dieta paleolítica.</description>
     <ror:updatePeriod></ror:updatePeriod>
     <ror:sortOrder>2</ror:sortOrder>
     <ror:resourceOf>sitemap</ror:resourceOf>
</item>
<item>
     <link>https://ketohoy.com/temas/keto.html</link>
     <title>Dieta cetogénica o keto como implementarla y beneficios.</title>
     <description>Dieta cetogenica que es y beneficios metabólicos</description>
     <ror:updatePeriod></ror:updatePeriod>
     <ror:sortOrder>2</ror:sortOrder>
     <ror:resourceOf>sitemap</ror:resourceOf>
</item>
<item>
     <link>https://ketohoy.com/temas/carbs.html</link>
     <title>Por que enferman los carbohidratos y el gluten.</title>
     <description>Consecuencias de la dieta alta en carbohidratos y gluten para la salud</description>
     <ror:updatePeriod></ror:updatePeriod>
     <ror:sortOrder>2</ror:sortOrder>
     <ror:resourceOf>sitemap</ror:resourceOf>
</item>
<item>
     <link>https://ketohoy.com/temas/habitos.html</link>
     <title>Hábitos saludables, ejercicio, meditación, microbiota.</title>
     <description>Hábitos saludables que acompañan a la dieta</description>
     <ror:updatePeriod></ror:updatePeriod>
     <ror:sortOrder>2</ror:sortOrder>
     <ror:resourceOf>sitemap</ror:resourceOf>
</item>
<item>
     <link>https://ketohoy.com/temas/keto-amb-econom.html</link>
     <title>Dieta Keto, medio ambiente, política y economía.</title>
     <description>Dieta keto medio ambiente política y economía</description>
     <ror:updatePeriod></ror:updatePeriod>
     <ror:sortOrder>2</ror:sortOrder>
     <ror:resourceOf>sitemap</ror:resourceOf>
</item>
<item>
     <link>https://ketohoy.com/temas/unwin.html</link>
     <title>Descubra el azúcar escondido en los alimentos con las tablas del dr Unwin.</title>
     <description>Tablas que reflejan el azúcar escondido en los alimentos por el Dr Unwin</description>
     <ror:updatePeriod></ror:updatePeriod>
     <ror:sortOrder>2</ror:sortOrder>
     <ror:resourceOf>sitemap</ror:resourceOf>
</item>
</channel>
</rss>
  